{
  "$schema": "http://json-schema.org/draft-07/schema#",
  "title": "SessionProfileV2",
  "type": "object",
  "properties": {
    "session_id": {
      "type": "string"
    },
    "user_id": {
      "type": [
        "string",
        "null"
      ]
    },
    "facts": {
      "type": "object",
      "properties": {
        "origin_airports": {
          "type": "array",
          "items": {
            "type": "string"
          }
        },
        "date_exact": {
          "type": [
            "object",
            "null"
          ],
          "properties": {
            "start": {
              "type": "string",
              "format": "date"
            },
            "end": {
              "type": "string",
              "format": "date"
            }
          },
          "required": [
            "start",
            "end"
          ]
        },
        "date_window_days": {
          "type": [
            "integer",
            "null"
          ]
        },
        "duration_days": {
          "type": [
            "integer",
            "null"
          ]
        },
        "pax": {
          "type": "object",
          "properties": {
            "adults": {
              "type": "integer"
            },
            "children": {
              "type": "integer"
            },
            "infants": {
              "type": "integer"
            }
          },
          "required": [
            "adults",
            "children",
            "infants"
          ]
        },
        "domestic_or_international": {
          "type": "string",
          "enum": [
            "domestic",
            "international",
            "unknown"
          ]
        },
        "budget_band": {
          "type": [
            "string",
            "null"
          ],
          "enum": [
            "low",
            "mid",
            "high",
            null
          ]
        },
        "cabin": {
          "type": "string",
          "enum": [
            "economy",
            "premium_economy",
            "business",
            "first",
            "unknown"
          ]
        }
      }
    },
    "dimensioned_tags": {
      "type": "array",
      "items": {
        "type": "object",
        "properties": {
          "dim": {
            "type": "string"
          },
          "code": {
            "type": "string"
          },
          "weight": {
            "type": "number"
          },
          "p": {
            "type": [
              "number",
              "null"
            ]
          },
          "source": {
            "type": "string",
            "enum": [
              "user_msg",
              "llm_infer",
              "rule",
              "system_default"
            ]
          },
          "updated_at": {
            "type": "string",
            "format": "date-time"
          }
        },
        "required": [
          "dim",
          "code",
          "weight",
          "source"
        ]
      }
    },
    "flat_tags": {
      "type": "array",
      "items": {
        "type": "string"
      }
    },
    "provenance": {
      "type": "array",
      "items": {
        "type": "object",
        "properties": {
          "source": {
            "type": "string",
            "enum": [
              "user_msg",
              "llm_infer",
              "rule",
              "system_default"
            ]
          },
          "fields": {
            "type": "array",
            "items": {
              "type": "string"
            }
          },
          "ts": {
            "type": "string",
            "format": "date-time"
          }
        },
        "required": [
          "source",
          "fields",
          "ts"
        ]
      }
    },
    "context_version": {
      "type": "integer",
      "default": 2
    }
  },
  "required": [
    "session_id",
    "facts",
    "flat_tags",
    "context_version"
  ]
}