{
  "$schema": "http://json-schema.org/draft-07/schema#",
  "title": "SessionProfileV3",
  "type": "object",
  "properties": {
    "session_id": {
      "type": "string"
    },
    "user_id": {
      "type": [
        "string",
        "null"
      ]
    },
    "facts": {
      "type": "object",
      "properties": {
        "origin_airports": {
          "type": "array",
          "items": {
            "type": "string"
          }
        },
        "date_exact": {
          "type": [
            "object",
            "null"
          ],
          "properties": {
            "start": {
              "type": "string",
              "format": "date"
            },
            "end": {
              "type": "string",
              "format": "date"
            }
          }
        },
        "date_window_days": {
          "type": [
            "integer",
            "null"
          ]
        },
        "duration_days": {
          "type": [
            "integer",
            "null"
          ]
        },
        "pax": {
          "type": "object",
          "properties": {
            "adults": {
              "type": "integer"
            },
            "children": {
              "type": "integer"
            },
            "infants": {
              "type": "integer"
            }
          },
          "required": [
            "adults",
            "children",
            "infants"
          ]
        },
        "domestic_or_international": {
          "type": "string",
          "enum": [
            "domestic",
            "international",
            "unknown"
          ]
        },
        "budget_band": {
          "type": [
            "string",
            "null"
          ],
          "enum": [
            "low",
            "mid",
            "high",
            null
          ]
        },
        "cabin": {
          "type": "string",
          "enum": [
            "economy",
            "premium_economy",
            "business",
            "first",
            "unknown"
          ]
        }
      }
    },
    "dimensioned_tags": {
      "type": "array",
      "items": {
        "type": "object"
      }
    },
    "flat_tags": {
      "type": "array",
      "items": {
        "type": "string"
      }
    },
    "provenance": {
      "type": "array",
      "items": {
        "type": "object"
      }
    },
    "clarifier_state": {
      "type": "object",
      "properties": {
        "pending": {
          "type": "boolean"
        },
        "question": {
          "type": [
            "string",
            "null"
          ]
        }
      }
    },
    "context_version": {
      "type": "integer",
      "const": 3
    }
  },
  "required": [
    "session_id",
    "facts",
    "flat_tags",
    "context_version"
  ]
}