{
  "version": "0.2",
  "dimensions": {
    "PURPOSE": [
      "LEISURE",
      "BUSINESS",
      "BLEISURE"
    ],
    "PARTY": [
      "FAMILY",
      "COUPLE",
      "SOLO",
      "FRIENDS",
      "SENIOR"
    ],
    "STYLE": [
      "BUDGET",
      "MID",
      "LUXURY",
      "ECO",
      "WELLNESS",
      "CULTURE",
      "NIGHTLIFE"
    ],
    "THEME": [
      "BEACH",
      "HILLS",
      "DESERT",
      "JUNGLE",
      "CITY",
      "WINTER",
      "WILDLIFE"
    ],
    "ACT.WATER": [
      "SCUBA",
      "SURF",
      "SAIL",
      "SNORKEL"
    ],
    "ACT.TREK": [
      "DAY",
      "MULTI_DAY",
      "HIGH_ALT"
    ],
    "ACT.SNOW": [
      "SKI",
      "SNOWBOARD"
    ],
    "ACT.MOTO": [
      "TOUR",
      "ADV"
    ],
    "DIET": [
      "VEG",
      "HALAL",
      "JAIN",
      "VEGAN"
    ],
    "ACCESS": [
      "WHEELCHAIR"
    ],
    "FLIGHT": [
      "NONSTOP",
      "STOPOVER_OK"
    ],
    "HOTEL": [
      "SPA",
      "POOL",
      "FAMILY",
      "DESK",
      "COWORK"
    ],
    "BUDGET": [
      "LOW",
      "MID",
      "HIGH"
    ],
    "TIME": [
      "EXACT",
      "WINDOW\u00b13",
      "WINDOW\u00b17"
    ],
    "DURATION": [
      "3_5",
      "6_8",
      "9_14",
      "15_PLUS"
    ],
    "WORK": [
      "REMOTE_OK"
    ]
  }
}