{
  "$schema": "http://json-schema.org/draft-07/schema#",
  "title": "UserProfileV3",
  "type": "object",
  "properties": {
    "user_id": {
      "type": "string"
    },
    "facts": {
      "type": "object",
      "properties": {
        "home_airports": {
          "type": "array",
          "items": {
            "type": "string"
          }
        },
        "nationality": {
          "type": [
            "string",
            "null"
          ]
        },
        "passport_country": {
          "type": [
            "string",
            "null"
          ]
        },
        "preferred_cabin": {
          "type": "string",
          "enum": [
            "economy",
            "premium_economy",
            "business",
            "first",
            "unknown"
          ]
        },
        "loyalty_programs": {
          "type": "array",
          "items": {
            "type": "string"
          }
        },
        "accessibility": {
          "type": "array",
          "items": {
            "type": "string"
          }
        },
        "dietary": {
          "type": "array",
          "items": {
            "type": "string"
          }
        },
        "budget_band": {
          "type": [
            "string",
            "null"
          ],
          "enum": [
            "low",
            "mid",
            "high",
            null
          ]
        },
        "work_remote_ok": {
          "type": [
            "boolean",
            "null"
          ]
        }
      },
      "required": [
        "home_airports"
      ]
    },
    "dimensioned_tags": {
      "type": "array",
      "items": {
        "type": "object",
        "properties": {
          "dim": {
            "type": "string"
          },
          "code": {
            "type": "string"
          },
          "weight": {
            "type": "number",
            "minimum": 0,
            "maximum": 1
          },
          "p": {
            "type": [
              "number",
              "null"
            ],
            "minimum": 0,
            "maximum": 1
          },
          "source": {
            "type": "string",
            "enum": [
              "user",
              "llm",
              "rule",
              "implicit"
            ]
          },
          "updated_at": {
            "type": "string",
            "format": "date-time"
          }
        },
        "required": [
          "dim",
          "code",
          "weight",
          "source"
        ]
      }
    },
    "flat_tags": {
      "type": "array",
      "items": {
        "type": "string"
      }
    },
    "history_summary": {
      "type": [
        "string",
        "null"
      ]
    },
    "consents": {
      "type": "object"
    },
    "context_version": {
      "type": "integer",
      "const": 3
    },
    "updated_by": {
      "type": "string",
      "enum": [
        "system",
        "user",
        "llm"
      ]
    },
    "updated_at": {
      "type": "string",
      "format": "date-time"
    }
  },
  "required": [
    "user_id",
    "facts",
    "dimensioned_tags",
    "flat_tags",
    "context_version"
  ]
}